<?xml version="1.0" encoding="UTF-8"?>
<addon id="stream.tv" version="1.2.6" name="Stream TV" provider-name="PineApple-Geek">
<requires>
  <import addon="xbmc.python" version="3.0.0"/>
</requires>
<extension point="xbmc.python.pluginsource" library="main.py">
  <provides>video</provides>
</extension>
<extension point="xbmc.addon.metadata">
  <summary lang="en">Stream TV</summary>
  <description lang="en_GB">Streaming gratuit depuis TomaCloud</description>
  <disclaimer lang="en_GB">Streaming gratuit depuis TomaCloud</disclaimer>
  <assets>
    <icon>icon.png</icon>
    <fanart>fanart.jpg</fanart>
    <screenshot>resources\screenshot-01.jpg</screenshot>
    <screenshot>resources\screenshot-02.jpg</screenshot>
    <screenshot>resources\screenshot-03.jpg</screenshot>    
  </assets>
  <news>Updated with latest artwork metadata</news>
</extension>
</addon>
